<?xml version="1.0" encoding="UTF-8" ?>
<!DOCTYPE struts-config PUBLIC
          "-//Apache Software Foundation//DTD Struts Configuration 1.2//EN"
          "http://jakarta.apache.org/struts/dtds/struts-config_1_2.dtd">
<struts-config>
	<form-beans>
		<form-bean name="empForm" type="com.demo.forms.EmployeeForm" />
	</form-beans>
	<action-mappings>
		<action input="/index.jsp" parameter="method" name="empForm"
			path="/employeeAction" scope="session" type="com.demo.action.EmployeeAction">
			<forward name="success" path="/success.jsp" />
		</action>
	</action-mappings>
</struts-config>
