<?xml version="1.0" encoding="UTF-8" ?>

<!DOCTYPE struts-config PUBLIC
          "-//Apache Software Foundation//DTD Struts Configuration 1.2//EN"
          "http://jakarta.apache.org/struts/dtds/struts-config_1_2.dtd">


<struts-config>
	<form-beans></form-beans>
	<action-mappings>
		<action path="/changeLocale" parameter="method"
			type="com.demo.action.LocaleAction">
			<forward name="success" path="/index.jsp" />
		</action>
	</action-mappings>
	<message-resources parameter="com.demo.resources.ApplicationResource" />
</struts-config>
